{
    "DIP": {
        "mean": 0.46626582741737366,
        "std": 0.2578485906124115
    },
    "HLgap": {
        "mean": 6.074837684631348,
        "std": 1.0124213695526123
    },
    "KSE": {
        "mean": -38.10300827026367,
        "std": 110.60118865966797
    },
    "atC6": {
        "mean": 13.941306114196777,
        "std": 16.167037963867188
    },
    "atPOL": {
        "mean": 4.952725410461426,
        "std": 3.7959532737731934
    },
    "eAT": {
        "mean": 75.34112548828125,
        "std": 8.878015518188477
    },
    "eC": {
        "mean": -47.966861724853516,
        "std": 3.291289806365967
    },
    "eDFTB+MBD": {
        "mean": -473.1081237792969,
        "std": 36.326114654541016
    },
    "eEE": {
        "mean": 12088.4169921875,
        "std": 1381.8804931640625
    },
    "eH": {
        "mean": -6.843817710876465,
        "std": 0.5525404810905457
    },
    "eKIN": {
        "mean": 8638.83984375,
        "std": 1439.6993408203125
    },
    "eKSE": {
        "mean": -5116.41650390625,
        "std": 830.1397705078125
    },
    "eL": {
        "mean": -0.7689776420593262,
        "std": 0.9280573129653931
    },
    "eMBD": {
        "mean": -0.27412480115890503,
        "std": 0.05894703418016434
    },
    "eNE": {
        "mean": -36157.703125,
        "std": 4651.62109375
    },
    "eNN": {
        "mean": 7941.89111328125,
        "std": 912.328125
    },
    "ePBE0": {
        "mean": -8705.9970703125,
        "std": 1441.33935546875
    },
    "ePBE0+MBD": {
        "mean": -8706.2744140625,
        "std": 1441.328857421875
    },
    "eTS": {
        "mean": -0.1259973645210266,
        "std": 0.034586191177368164
    },
    "eX": {
        "mean": -1169.4603271484375,
        "std": 101.49040985107422
    },
    "eXC": {
        "mean": -1217.427001953125,
        "std": 104.33395385742188
    },
    "eXX": {
        "mean": -292.6823425292969,
        "std": 25.362606048583984
    },
    "hCHG": {
        "mean": -1.7697993826004677e-07,
        "std": 0.08971084654331207
    },
    "hDIP": {
        "mean": 0.07398425042629242,
        "std": 0.030878910794854164
    },
    "hRAT": {
        "mean": 0.7243102192878723,
        "std": 0.11065232008695602
    },
    "hVDIP": {
        "mean": -0.00015448423800989985,
        "std": 0.046285778284072876
    },
    "hVOL": {
        "mean": 16.109363555908203,
        "std": 11.708008766174316
    },
    "mC6": {
        "mean": 2986.271240234375,
        "std": 558.65869140625
    },
    "mPOL": {
        "mean": 91.78547668457031,
        "std": 9.95559024810791
    },
    "mTPOL": {
        "mean": 30.600627899169922,
        "std": 45.85828399658203
    },
    "pbe0FOR": {
        "mean": -2.2655382281300263e-07,
        "std": 1.6195510625839233
    },
    "sMIT": {
        "mean": 89.79502868652344,
        "std": 150.94586181640625
    },
    "sRMSD": {
        "mean": 0.3718213438987732,
        "std": 0.18995404243469238
    },
    "totFOR": {
        "mean": 4.665745220733264e-12,
        "std": 1.6207973957061768
    },
    "vDIP": {
        "mean": -0.011395759880542755,
        "std": 0.3074086010456085
    },
    "vEQ": {
        "mean": -2.8555735553936756e-09,
        "std": 217.37429809570312
    },
    "vIQ": {
        "mean": -7.489004416605383e-10,
        "std": 217.1956329345703
    },
    "vTQ": {
        "mean": 4.91309631867054e-11,
        "std": 3.2907044887542725
    },
    "vdwFOR": {
        "mean": -2.0433758851634565e-11,
        "std": 0.005825880914926529
    },
    "vdwR": {
        "mean": 2.8117504119873047,
        "std": 0.5877953171730042
    }
}