{
    "comment": null,
    "TripInteraction_1_had_rbf": 3.8454270362854004,
    "TripInteraction_1_sum_cbf": 2.3950836658477783,
    "AtomUpdate_1_sum": 0.692237138748169,
    "TripInteraction_2_had_rbf": 3.8384854793548584,
    "TripInteraction_2_sum_cbf": 2.339738368988037,
    "AtomUpdate_2_sum": 0.5826907157897949,
    "TripInteraction_3_had_rbf": 3.9251813888549805,
    "TripInteraction_3_sum_cbf": 2.1765472888946533,
    "AtomUpdate_3_sum": 0.4893060028553009,
    "TripInteraction_4_had_rbf": 3.8386707305908203,
    "TripInteraction_4_sum_cbf": 2.2910943031311035,
    "AtomUpdate_4_sum": 0.5455359220504761,
    "OutBlock_0_sum": 0.6474325656890869,
    "OutBlock_0_had": 3.910574197769165,
    "OutBlock_1_sum": 0.5782961845397949,
    "OutBlock_1_had": 3.810222625732422,
    "OutBlock_2_sum": 0.5464082956314087,
    "OutBlock_2_had": 3.691774368286133,
    "OutBlock_3_sum": 0.6221889853477478,
    "OutBlock_3_had": 3.926927089691162,
    "OutBlock_4_sum": 0.49617061018943787,
    "OutBlock_4_had": 3.650491714477539
}