{
    "comment": "",
    "TripInteraction_1_had_rbf": 17.294939041137695,
    "TripInteraction_1_sum_cbf": 8.488616943359375,
    "IntBlock_1_sum": 1.3015538454055786,
    "TripInteraction_2_had_rbf": 15.357681274414062,
    "TripInteraction_2_sum_cbf": 8.596945762634277,
    "IntBlock_2_sum": 1.1383553743362427,
    "TripInteraction_3_had_rbf": 14.498085021972656,
    "TripInteraction_3_sum_cbf": 8.609837532043457,
    "IntBlock_3_sum": 1.0901832580566406,
    "TripInteraction_4_had_rbf": 14.31578254699707,
    "TripInteraction_4_sum_cbf": 8.489559173583984,
    "IntBlock_4_sum": 1.08650541305542,
    "TripInteraction_5_had_rbf": 14.452488899230957,
    "TripInteraction_5_sum_cbf": 8.417305946350098,
    "IntBlock_5_sum": 1.1231739521026611,
    "TripInteraction_6_had_rbf": 14.693891525268555,
    "TripInteraction_6_sum_cbf": 8.373677253723145,
    "IntBlock_6_sum": 1.1754940748214722,
    "OutBlock_0_sum": 1.727757215499878,
    "OutBlock_0_had": 15.84854507446289,
    "OutBlock_1_sum": 1.3406972885131836,
    "OutBlock_1_had": 13.932634353637695,
    "OutBlock_2_sum": 1.250294804573059,
    "OutBlock_2_had": 13.61974811553955,
    "OutBlock_3_sum": 1.256105661392212,
    "OutBlock_3_had": 13.659594535827637,
    "OutBlock_4_sum": 1.2950983047485352,
    "OutBlock_4_had": 13.919914245605469,
    "OutBlock_5_sum": 1.3295512199401855,
    "OutBlock_5_had": 14.4349365234375,
    "OutBlock_6_sum": 1.4188448190689087,
    "OutBlock_6_had": 14.88949203491211
}
