{
    "comment": "debug",
    "TripInteraction_1_had_rbf": 5.548952102661133,
    "TripInteraction_1_sum_cbf": 2.20351243019104,
    "AtomUpdate_1_sum": 0.3556209206581116,
    "TripInteraction_2_had_rbf": 5.880437850952148,
    "TripInteraction_2_sum_cbf": 2.333744764328003,
    "AtomUpdate_2_sum": 0.3611552119255066,
    "TripInteraction_3_had_rbf": 5.867868423461914,
    "TripInteraction_3_sum_cbf": 2.4541828632354736,
    "AtomUpdate_3_sum": 0.35358476638793945,
    "TripInteraction_4_had_rbf": 5.782163619995117,
    "TripInteraction_4_sum_cbf": 2.6129026412963867,
    "AtomUpdate_4_sum": 0.37129640579223633,
    "TripInteraction_5_had_rbf": 5.727713584899902,
    "TripInteraction_5_sum_cbf": 2.460531711578369,
    "AtomUpdate_5_sum": 0.3690475821495056,
    "OutBlock_0_sum": 0.366500586271286,
    "OutBlock_1_sum": 0.3443125784397125,
    "OutBlock_2_sum": 0.35069236159324646,
    "OutBlock_3_sum": 0.3590666949748993,
    "OutBlock_4_sum": 0.35904067754745483,
    "OutBlock_5_sum": 0.3603821396827698
}
